url,status,title,title_chars,meta_description,meta_chars,h1,h1_count,canonical,word_count_excl_header_footer
https://chosepayments.com/,200,"Payment Processor Matching for US, UK & EU Merchants | ChosePayments",68,Find the right payment processor for your business. Avoid frozen accounts and rejections. Get matched with a provider that fits your risk profile in 2 minutes.,159,Find the right payment processor for your business,1,https://chosepayments.com,971
https://chosepayments.com/assessment,200,Free Payment Provider Assessment | ChosePayments,48,Answer a few questions about your business and get a personalised payment provider recommendation in under 2 minutes.,117,We designed this to understand your business,1,https://chosepayments.com/assessment,47
https://chosepayments.com/statement-review,200,See If You're Overpaying — Free Statement Review | ChosePayments,64,Upload your payment processing statement and get an indicative read on your all-in effective rate and whether you may be overpaying. Free and confidential.,155,See if you're overpaying,1,https://chosepayments.com/statement-review,89
https://chosepayments.com/best-payment-processor-uk,200,Best Payment Processors for UK Merchants: Find Your Fit | ChosePayments,71,"Best UK payment processors for ecommerce, SaaS, and marketplaces. Compare Stripe, Adyen, Checkout.com. See which processor approves your business type.",151,Best Payment Processor for UK Businesses (2025),1,https://chosepayments.com/best-payment-processor-uk,412
https://chosepayments.com/stripe-vs-square-vs-paypal-uk,200,Stripe vs Square vs PayPal: UK Comparison & Costs | ChosePayments,65,"Pricing, fees, approval odds, and which processor fits high-growth merchants. Avoid the wrong choice.",101,Stripe vs PayPal vs Square UK: Which Payment Provider Will Actually Approve Your Business?,1,https://chosepayments.com/stripe-vs-square-vs-paypal-uk,497
https://chosepayments.com/best-payment-api-uk,200,Best Payment APIs for UK Developers & High-Growth Apps | ChosePayments,70,"Compare payment APIs for UK developers: Stripe, Adyen, Checkout.com. Pricing, integration speed, approval rates. Find the API that fits your tech stack.",152,Best Payment APIs in the UK — and Which Ones Will Actually Approve You,1,https://chosepayments.com/best-payment-api-uk,523
https://chosepayments.com/best-payment-provider-small-business,200,Small Business Payment Risk: Finding a Provider That Won't Freeze You | ChosePayments,85,Most small businesses choose a payment provider too quickly — and regret it. Understand your risk profile and find a provider that actually fits your business.,159,Payment Providers for Small Businesses (UK & EU),1,https://chosepayments.com/best-payment-provider-small-business,411
https://chosepayments.com/best-payment-processors-high-chargebacks,200,Best Payment Processors for High Chargeback Businesses | ChosePayments,70,High chargeback rates don't have to mean rejection. Find payment processors that work with your chargeback ratio and won't freeze your funds.,141,Best Payment Processors for High Chargeback Businesses,1,https://chosepayments.com/best-payment-processors-high-chargebacks,417
https://chosepayments.com/payment-processors-high-risk-ecommerce,200,Payment Processors for High-Risk Ecommerce | ChosePayments,58,"High-risk ecommerce needs a specialist processor. Compare providers that accept your industry, offer chargeback protection, and won't freeze your account.",154,Payment Processors for High-Risk E-commerce Businesses,1,https://chosepayments.com/payment-processors-high-risk-ecommerce,399
https://chosepayments.com/payment-provider-subscription-business,200,Best Payment Providers for Subscription & SaaS Businesses | ChosePayments,73,"Recurring billing needs the right payment infrastructure. Find providers that support subscriptions, handle failed payments, and scale with your MRR.",149,Choosing the Right Payment Provider for Subscription and SaaS Businesses,1,https://chosepayments.com/payment-provider-subscription-business,369
https://chosepayments.com/mcc-5812-payment-gateway-uk,200,MCC 5812 Payment Gateway UK: Best Options for Restaurants | ChosePayments,73,Restaurant and food service businesses need payment gateways that understand MCC 5812. Compare UK options that approve your business type.,138,MCC 5812: Payment Gateways for UK Restaurants and Food Businesses,1,https://chosepayments.com/mcc-5812-payment-gateway-uk,357
https://chosepayments.com/best-acquirers-food-delivery,200,Best Acquirers for Food Delivery Platforms | ChosePayments,58,"Food delivery platforms face unique payment challenges. Find acquirers that support high volume, split payments, and marketplace structures.",140,Best Payment Acquirers for Food Delivery Platforms,1,https://chosepayments.com/best-acquirers-food-delivery,371
https://chosepayments.com/switch-payment-provider,200,Switching Payment Providers — What to Check First | ChosePayments,65,"Stuck with the wrong provider? Learn how to leave without exit fees, fund holds, or unnecessary disruption.",107,Switching Payment Providers: How to Do It Without Getting Stuck,1,https://chosepayments.com/switch-payment-provider,383
https://chosepayments.com/stripe-alternatives-marketplace,200,Stripe Alternatives for Marketplaces: Risk Assessment & Provider Fit | ChosePayments,84,"Stripe Connect isn't always the right fit. Understand which marketplace payment providers match your risk profile, onboarding needs, and operational reality.",157,Stripe Alternatives for Marketplaces & Platforms,1,https://chosepayments.com/stripe-alternatives-marketplace,292
https://chosepayments.com/payment-provider-support,200,Payment Provider Support Issues? Why It Matters More Than Fees | ChosePayments,78,Low fees mean nothing when your account is frozen and no one responds. Learn why support quality should be a top priority when choosing a payment provider.,155,Why Support Matters More Than Price in Payments,1,https://chosepayments.com/payment-provider-support,351
https://chosepayments.com/marketplace-payment-provider,200,Marketplace Payment Risk Assessment: Why Platforms Get Extra Scrutiny | ChosePayments,85,Building a marketplace? Understand why payment providers scrutinise platforms differently — and which providers actually fit your compliance and payout needs.,158,Payment Providers for Marketplaces and Platforms,1,https://chosepayments.com/marketplace-payment-provider,398
https://chosepayments.com/merchant-account-problems,200,Merchant Account Problems Explained | ChosePayments,51,"Funds withheld, reserves imposed, fees higher than expected. Understand what your payment provider is doing and why, clearly explained.",135,Merchant Account Problems Explained,1,https://chosepayments.com/merchant-account-problems,146
https://chosepayments.com/risk-profile-matching,200,Risk-Profile Matching: Never Choose the Wrong Payment Processor | ChosePayments,79,"Our engine matches payment providers to your business risk profile. Stop choosing processors based on marketing. Find the one that actually fits your industry, volume, and model.",178,Choose a Payment Provider Based on Risk — Not Marketing,1,https://chosepayments.com/risk-profile-matching,245
https://chosepayments.com/risk-alignment-payment-processor,200,Risk Alignment with Payment Processors: Why It Matters More Than Price | ChosePayments,86,"Why picking a payment processor on rate alone leads to frozen funds and rolling reserves, and what risk alignment actually means for your business.",147,"Risk Alignment: Why Your Business Needs the Right Payment Processor, Not Just the Cheapest",1,https://chosepayments.com/risk-alignment-payment-processor,1694
https://chosepayments.com/ach-payment-processors,200,ACH Payment Processors: When Bank Transfer Beats Cards (2026) | ChosePayments,77,"ACH costs cents, cards cost percent. Here is when ACH payment processing makes sense for B2B, SaaS, and marketplace payouts, and which processors do it well.",157,ACH Payment Processors: When Bank Transfer Makes More Sense Than Cards,1,https://chosepayments.com/ach-payment-processors,1556
https://chosepayments.com/payment-gateway-vs-payment-processor,200,Payment Gateway vs Payment Processor: The Actual Difference (2026) | ChosePayments,82,A payment gateway captures and encrypts card data. A payment processor authorizes the transaction and moves the money. Here is what that split actually means when you're building a checkout.,190,Payment Gateway vs Payment Processor: The Actual Difference,1,https://chosepayments.com/payment-gateway-vs-payment-processor,2123
https://chosepayments.com/insights/buy-now-pay-later-uk,200,Buy Now Pay Later for UK Merchants: The Practical Guide | ChosePayments,71,"BNPL can lift conversion rates by 20–30% and increase average order value significantly. How UK merchants should evaluate Klarna, Clearpay, and other providers, and what it means for your payment stack.",202,Buy Now Pay Later for UK Merchants: The Practical Guide,1,https://chosepayments.com/insights/buy-now-pay-later-uk,1436
https://chosepayments.com/insights/explainer,200,Payment Explainers: Terms & Mechanics Merchants Need to Know | ChosePayments,76,"Plain-English explainers on payment settlement, reserves, wallet payments, SCA exemptions, and the acronyms every merchant runs into, without the jargon.",153,Payment Explainers,1,https://chosepayments.com/insights/explainer,593
https://chosepayments.com/insights/providers,200,"Payment Provider Deep Dives: Stripe, Adyen, Checkout.com & More | ChosePayments",79,"In-depth, independent reviews of the major payment platforms (Stripe, Adyen, Checkout.com, Shift4, Fiserv, and PayPal), covering architecture, risk appetite, and who each one actually fits.",189,Payment Provider Deep Dives,1,https://chosepayments.com/insights/providers,507
https://chosepayments.com/insights/fees,200,Payment Provider Fees & Costs Explained (2026) | ChosePayments,62,"Real 2026 fee breakdowns for Stripe, Checkout.com, Adyen, PayPal, and Fiserv Clover: what you actually pay beyond the headline rate, including add-ons most guides skip.",168,Payment Provider Fees & Costs,1,https://chosepayments.com/insights/fees,452
https://chosepayments.com/insights/provider-fit,200,Provider Fit Guides: The Right Payment Processor for Your Business Model | ChosePayments,88,"Matching guides for subscription billing, high-risk ecommerce, high chargeback rates, restaurants, and food delivery. Find providers built for your specific business model.",172,Provider Fit Guides,1,https://chosepayments.com/insights/provider-fit,375
https://chosepayments.com/insights/compliance,200,"Payment Compliance: Scheme Rules, Reserves & Monitoring | ChosePayments",71,"How Visa and Mastercard scheme rules, reserve requirements, and monitoring programmes actually work, and what triggers them for merchants.",138,Payment Compliance,1,https://chosepayments.com/insights/compliance,391
https://chosepayments.com/insights/ecommerce,200,"Ecommerce Payment Strategy: Growth, Recurring Billing & Chargebacks | ChosePayments",83,"Payment strategy guides for scaling ecommerce businesses, moving past a high-risk label, structuring recurring billing, and managing chargeback thresholds.",155,Ecommerce Payment Strategy,1,https://chosepayments.com/insights/ecommerce,345
https://chosepayments.com/insights,200,Expert Insights: What Payment Providers Don't Tell You | ChosePayments,70,"Insider knowledge on payment provider risk, underwriting criteria, account freezes, and why businesses get rejected. Strategic guidance from industry experts.",158,Expert Insights: What Payment Providers Don't Tell You,1,https://chosepayments.com/insights,3301
https://chosepayments.com/insights/scoring-logic,200,How We Match You to a Provider | Scoring Logic Explained | ChosePayments,72,"See exactly how our recommendation engine eliminates, scores, and ranks 21 payment providers. No black boxes, full transparency.",128,How We Match You to a Provider,1,https://chosepayments.com/insights/scoring-logic,1694
https://chosepayments.com/insights/graph,200,Provider Insights Graph | ChosePayments,39,"Visual graph of payment provider relationships, risk profiles, and market positioning.",86,Internal Linking Map,1,https://chosepayments.com/insights/graph,362
https://chosepayments.com/insights/payment-risk,200,Payment Risk & Account Freezes | ChosePayments Insights,55,"Understand why payment accounts get flagged, frozen, or reviewed. Learn about account freezes, re-underwriting, and how to reduce payment risk.",143,Payment Risk & Account Freezes,1,https://chosepayments.com/insights/payment-risk,194
https://chosepayments.com/insights/guides,200,Practical Guides | ChosePayments Insights,41,"Step-by-step guides on payment provider verification, documentation requirements, and how to respond to compliance requests.",124,Practical Guides,1,https://chosepayments.com/insights/guides,335
https://chosepayments.com/insights/case-studies,200,Case Studies | ChosePayments Insights,37,"Real-world examples of how businesses navigate payment provider challenges, account reviews, and compliance requirements.",121,Case Studies,1,https://chosepayments.com/insights/case-studies,80
https://chosepayments.com/insights/proof-of-business-activity,200,Understanding Proof of Business Activity Requests | ChosePayments,65,Understanding why payment providers ask for proof of business activity and how to prepare your documentation.,109,Understanding Proof of Business Activity Requests,1,https://chosepayments.com/insights/proof-of-business-activity,239
https://chosepayments.com/insights/sales-increase,200,Sales Increase Documentation: What Payment Providers Need | ChosePayments,73,"When your sales spike, providers want proof it's legitimate. Learn exactly what documentation satisfies their review teams.",123,Sales Growth Triggers Document Requests: How to Prepare,1,https://chosepayments.com/insights/sales-increase,190
https://chosepayments.com/insights/marketplace-seller-info,200,Marketplace Seller Verification: What Providers Require | ChosePayments,71,Marketplaces face KYB/KYC checks payment providers rarely explain clearly. See exactly what seller documents are required and how to avoid payout delays.,153,Marketplace Seller Verification: What Payment Providers Require,1,https://chosepayments.com/insights/marketplace-seller-info,1703
https://chosepayments.com/insights/source-of-funds,200,Source of Funds Requests: What They Mean and How to Respond | ChosePayments,75,"Wondering why your bank is asking for source of funds? Learn why payment providers request bank statements and source of funds documentation, and how to respond.",161,Source of Funds Requests: What They Mean and How to Respond,1,https://chosepayments.com/insights/source-of-funds,186
https://chosepayments.com/insights/industry-verification,200,Industry Verification: What Payment Providers Check | ChosePayments,67,Payment providers verify your industry before approving your account. Learn what they check and how to present your business correctly.,135,High-Risk Industries Face Extra Verification: Is Yours One?,1,https://chosepayments.com/insights/industry-verification,208
https://chosepayments.com/insights/international-sales,200,International Sales Documentation for Payment Providers | ChosePayments,71,Selling internationally? Payment providers need specific documentation. Learn what's required and how to evidence your cross-border transactions.,145,International Sales and Payment Provider Checks: What to Expect,1,https://chosepayments.com/insights/international-sales,159
https://chosepayments.com/insights/contracts-invoices,200,Contracts & Invoices: What Payment Providers Want to See | ChosePayments,72,Payment providers often request contracts and invoices to verify your business model. Learn what format they expect and how to respond.,135,"Document Requests Explained: Contracts, Invoices, and Agreements",1,https://chosepayments.com/insights/contracts-invoices,554
https://chosepayments.com/insights/why-stripe-freezes-accounts-uk,200,Why Stripe Freezes Accounts: The Real Reasons | ChosePayments,61,"Stripe account frozen? Learn the real reasons Stripe freezes merchant accounts, what triggers a review, and how to avoid or recover from it.",140,Stripe Account Freezes in the UK: Common Triggers and Prevention,1,https://chosepayments.com/insights/why-stripe-freezes-accounts-uk,320
https://chosepayments.com/insights/why-accounts-get-flagged-after-growth,200,Why Payment Accounts Get Flagged After a Business Grows | ChosePayments,71,"Sales growth can trigger holds, reserves, and reviews with Stripe, Square, and PayPal. See the volume and chargeback thresholds they watch, and how to prepare.",159,Why Payment Accounts Get Flagged After a Business Grows,1,https://chosepayments.com/insights/why-accounts-get-flagged-after-growth,1491
https://chosepayments.com/insights/why-payment-accounts-get-frozen-without-warning,200,Why Payment Accounts Get Frozen Without Warning | ChosePayments,63,Account freezes rarely come with advance notice. Understand the hidden triggers that cause sudden payment account freezes and what you can do about them.,153,Account Freezes Without Warning: What Triggers Them,1,https://chosepayments.com/insights/why-payment-accounts-get-frozen-without-warning,222
https://chosepayments.com/insights/why-providers-re-underwrite-accounts,200,Why Payment Providers Re-Underwrite Existing Accounts | ChosePayments,69,Re-underwriting can happen months after approval. Learn what triggers a provider to review your account again and how to prepare.,129,Re-Underwriting Explained: When Providers Review Existing Accounts,1,https://chosepayments.com/insights/why-providers-re-underwrite-accounts,192
https://chosepayments.com/insights/why-some-businesses-never-get-approved,200,Why Some Businesses Never Get Payment Provider Approval | ChosePayments,71,Some businesses are structurally incompatible with mainstream providers. Learn whether your business model is causing systematic rejections.,140,Some Businesses Struggle to Get Approved: The Real Reason,1,https://chosepayments.com/insights/why-some-businesses-never-get-approved,235
https://chosepayments.com/insights/why-payment-providers-ask-for-director-documents,200,Why Payment Providers Ask for Director Documents | ChosePayments,64,"Director document requests are standard, but timing matters. Learn why providers ask and what to prepare to avoid delays.",121,Director ID Verification: What Providers Ask For,1,https://chosepayments.com/insights/why-payment-providers-ask-for-director-documents,657
https://chosepayments.com/insights/why-payment-providers-ask-for-source-of-funds,200,Why Payment Providers Ask for Source of Funds | ChosePayments,61,Source of funds requests signal a compliance review. Learn what triggers them and exactly what documentation satisfies payment provider compliance teams.,153,Understanding Source of Funds Verification,1,https://chosepayments.com/insights/why-payment-providers-ask-for-source-of-funds,609
https://chosepayments.com/insights/visa-mastercard-control-card-payments,200,How Visa & Mastercard Control Card Payments | ChosePayments,59,Visa and Mastercard set the rules that all payment providers follow. Understanding scheme rules explains why providers behave the way they do.,142,Visa and Mastercard Control Card Payments. What Businesses Can and Cannot Do,1,https://chosepayments.com/insights/visa-mastercard-control-card-payments,709
https://chosepayments.com/insights/what-is-an-acquirer,200,What Is an Acquirer? Payment Acquiring Explained | ChosePayments,64,"Acquirers are the banks behind your payment processor. Understanding the acquirer relationship explains fees, risk, and why some businesses get rejected.",153,What Is an Acquirer and Why Your Payment Provider Needs One,1,https://chosepayments.com/insights/what-is-an-acquirer,552
https://chosepayments.com/insights/merchant-acquirer-vs-payment-processor,200,Merchant Acquirer vs Payment Processor: What's the Difference? | ChosePayments,78,"A merchant acquirer holds your merchant account and takes the financial risk. A payment processor routes the transaction. Here is exactly how they differ, and why it matters when your account gets frozen.",204,Merchant Acquirer vs Payment Processor: What's the Difference?,1,https://chosepayments.com/insights/merchant-acquirer-vs-payment-processor,2328
https://chosepayments.com/insights/hidden-payment-processor-fees,200,Hidden Payment Processor Fees to Watch For (2026) | ChosePayments,65,"PCI fees, batch fees, early termination charges. Here is every fee processors bury in contracts, what they cost, and how to negotiate them out.",143,Hidden Payment Processor Fees: What to Look For Before You Sign,1,https://chosepayments.com/insights/hidden-payment-processor-fees,1763
https://chosepayments.com/insights/how-to-choose-a-payment-processor,200,How to Choose a Payment Processor: The Business Owner's Guide (2026) | ChosePayments,84,"A practical framework for choosing a payment processor: pricing models, hidden fees, risk alignment, integration fit, and the real cost of switching later.",155,How to Choose a Payment Processor: The Business Owner's Guide,1,https://chosepayments.com/insights/how-to-choose-a-payment-processor,2103
https://chosepayments.com/insights/payment-processor-business-vertical-classification,200,How Payment Processors Classify Your Business Vertical (and Why It Matters) | ChosePayments,91,"Payment processors assign a four-digit MCC code to every merchant that determines your interchange rate, whether you can get approved, and how much risk scrutiny your account receives. Here is how the classification works.",222,How Payment Processors Classify Your Business Vertical (and Why It Matters),1,https://chosepayments.com/insights/payment-processor-business-vertical-classification,2489
https://chosepayments.com/insights/third-party-payment-processors,200,Third-Party Payment Processors Explained (2026 Guide) | ChosePayments,69,"A third-party payment processor lets you accept cards without your own merchant account. Here is how they work, what they cost, and when to move on from one.",157,Third-Party Payment Processors Explained: What They Are and When They Make Sense,1,https://chosepayments.com/insights/third-party-payment-processors,2062
https://chosepayments.com/insights/best-payment-processor-ecommerce,200,Best Payment Processor for E-Commerce in 2026: By Business Type | ChosePayments,79,"There is no single best payment processor for e-commerce. Subscription, high-ticket, international, and high-volume stores each need a different answer. Here is how to pick correctly.",183,Best Payment Processor for E-Commerce (US 2026),1,https://chosepayments.com/insights/best-payment-processor-ecommerce,1899
https://chosepayments.com/insights/digital-product-chargebacks-refunds-payment-processor,200,"Digital Product Chargebacks 2026: The 1.8% Problem, Explained | ChosePayments",77,"Digital goods have a 1.8% chargeback rate, triple physical goods. See what happens when disputes hit and how to prevent the fines.",130,Digital Product Chargebacks and Refunds: What Your Payment Processor Does About It,1,https://chosepayments.com/insights/digital-product-chargebacks-refunds-payment-processor,2962
https://chosepayments.com/insights/mastercard-3ds-authentication-fee-changes-europe,200,Mastercard's 2026 3DS Authentication Fee Changes in Europe: What Merchants Should Know | ChosePayments,102,"Mastercard restructured its EMV 3DS Authentication Fee across Europe from 29 July 2026, splitting rates by recurring vs one-off transactions and by approved vs declined outcomes. Here's what changed and how SCA exemptions reduce your exposure.",243,Mastercard's 2026 3DS Authentication Fee Changes in Europe: What Merchants Should Know,1,https://chosepayments.com/insights/mastercard-3ds-authentication-fee-changes-europe,1532
https://chosepayments.com/insights/what-is-a-payment-processor,200,What Is a Payment Processor? How It Works and Why It Matters (2026) | ChosePayments,83,"A payment processor moves the transaction data between a merchant, the card networks, and the issuing bank. Here is exactly how that works, who the major players are, and why the choice matters more than the rate on the page.",225,What Is a Payment Processor? How It Works and Why It Matters,1,https://chosepayments.com/insights/what-is-a-payment-processor,2324
https://chosepayments.com/insights/why-card-approval-speed-affects-checkout-abandonment,200,Why Card Approval Speed Affects Checkout Abandonment | ChosePayments,68,Slow authorisation kills conversions. Learn how approval speed varies between providers and what it means for your checkout abandonment rate.,141,Card Approval Speed and Checkout Abandonment: The Connection Explained,1,https://chosepayments.com/insights/why-card-approval-speed-affects-checkout-abandonment,700
https://chosepayments.com/insights/same-day-settlement-and-instant-payouts,200,Same-Day Settlement & Instant Payouts: Which Providers Offer It | ChosePayments,79,Cash flow depends on settlement speed. Compare which payment providers offer same-day settlement and instant payouts for UK merchants.,134,Same-Day Settlement and Instant Payouts: What Businesses Should Know,1,https://chosepayments.com/insights/same-day-settlement-and-instant-payouts,710
https://chosepayments.com/insights/what-to-do-when-provider-asks-for-documents,200,What To Do When a Payment Provider Asks for More Documents | ChosePayments,74,"Learn why payment providers request additional documents, what these requests mean, and how to respond confidently. Includes a document checklist.",146,What To Do When a Payment Provider Asks for More Documents,1,https://chosepayments.com/insights/what-to-do-when-provider-asks-for-documents,647
https://chosepayments.com/insights/tra-exemption-reduces-payment-friction,200,TRA Exemption: Reduce Friction & Improve Approval Rates | ChosePayments,71,TRA exemption explained: how it reduces checkout friction and improves approval odds. See if your business qualifies and how to use it to lower fraud.,150,What Is TRA Exemption and How TRA Exemptions Reduce Payment Friction,1,https://chosepayments.com/insights/tra-exemption-reduces-payment-friction,701
https://chosepayments.com/insights/chargebacks-what-they-are-and-how-to-avoid-them,200,Chargebacks: Why They Happen and How to Avoid Them | ChosePayments,66,"Too many chargebacks can freeze your payment account. See what actually triggers a dispute, what it costs, and how to reduce them before providers notice.",154,Chargebacks: Why They Happen and How to Avoid Them,1,https://chosepayments.com/insights/chargebacks-what-they-are-and-how-to-avoid-them,1326
https://chosepayments.com/insights/credit-card-payments-explained,200,Credit Card Payments Explained: How They Work Behind the Scenes | ChosePayments,79,"What actually happens when a customer pays by credit card? The full journey from tap to settlement, and what it means for your merchant fees.",141,"Credit Card Payments Explained: How They Affect Approval, Risk, and Business Growth",1,https://chosepayments.com/insights/credit-card-payments-explained,1173
https://chosepayments.com/insights/open-banking-payments-uk,200,Open Banking Payments UK: What Merchants Need to Know | ChosePayments,69,Open banking is changing how UK merchants get paid. Learn how account-to-account payments work and when they make sense for your business.,138,"Open Banking Payments in the UK: Faster Settlement, Lower Risk, Fewer Chargebacks",1,https://chosepayments.com/insights/open-banking-payments-uk,1189
https://chosepayments.com/insights/apple-pay-google-pay-explained,200,Apple Pay & Google Pay Explained for Merchants | ChosePayments,62,"Digital wallets are now expected by customers. Learn how Apple Pay and Google Pay work for merchants, their costs, and which providers support them.",148,"Apple Pay and Google Pay Explained: Faster Checkout, Lower Risk, Higher Approval Rates",1,https://chosepayments.com/insights/apple-pay-google-pay-explained,1077
https://chosepayments.com/insights/low-value-transaction-exemption,200,Low Value Transaction Exemption: Reduce SCA Friction | ChosePayments,68,"The low value exemption lets you skip SCA for small transactions. Learn how it works, the thresholds, and how to configure it with your payment provider.",153,Low Value Transaction (LVT) Exemption: How Small Payments Unlock Higher Approval Rates,1,https://chosepayments.com/insights/low-value-transaction-exemption,1036
https://chosepayments.com/insights/payment-provider-risk-models,200,How Payment Providers Assess Business Risk | ChosePayments,58,Every payment provider has a risk model they use to approve or reject merchants. Understanding their criteria helps you apply to the right provider first time.,159,Payment Provider Risk Models Explained in Plain English,1,https://chosepayments.com/insights/payment-provider-risk-models,1262
https://chosepayments.com/insights/wallet-payments-guaranteed-success,200,Why Wallet Payments Have Higher Success Rates | ChosePayments,61,Apple Pay and Google Pay consistently outperform card payments on approval rates. Learn why wallets succeed where cards fail.,125,The Only Payment Method With a 100% Success Rate (On Part of Your Transactions),1,https://chosepayments.com/insights/wallet-payments-guaranteed-success,907
https://chosepayments.com/insights/why-payment-providers-reject-growing-businesses,200,Why Payment Providers Reject Growing Businesses | ChosePayments,63,Rapid growth can make providers nervous. Learn why fast-growing businesses face more scrutiny and how to document your growth to keep accounts open.,148,Why Payment Providers Reject Growing Businesses,1,https://chosepayments.com/insights/why-payment-providers-reject-growing-businesses,1050
https://chosepayments.com/insights/payment-acronyms-explained,200,"Payment Acronyms Explained: PSP, MCC, SCA, PCI and More | ChosePayments",71,"The payments industry runs on acronyms. Learn what PSP, acquirer, MCC, SCA, 3DS, PCI DSS, and 40+ other payment terms actually mean.",132,Payment Acronyms Merchants Actually Need to Understand (And Which Ones You Can Ignore),1,https://chosepayments.com/insights/payment-acronyms-explained,1869
https://chosepayments.com/insights/provider-appetite-index,200,Provider Appetite Index: Which Providers Accept Which Businesses | ChosePayments,80,A comprehensive index of payment provider risk appetites by industry. Find which providers will accept your business before you apply.,134,"The Provider Appetite Index: Why Payment Processors Say ""No"" (And How to Get a ""Yes"")",1,https://chosepayments.com/insights/provider-appetite-index,1664
https://chosepayments.com/insights/adyen-enterprise-payments-platform,200,Adyen for Enterprises: When It's Better Than Stripe | ChosePayments,67,"Adyen vs Stripe for enterprise. Unified platform, global reach, lower fees at scale. See if Adyen's infrastructure fits your business model and volume needs.",157,Adyen: The Single Platform That Rewrote the Enterprise Payments Playbook,1,https://chosepayments.com/insights/adyen-enterprise-payments-platform,1214
https://chosepayments.com/insights/stripe-payment-platform,200,Stripe: The Engine That Built the Modern Internet Economy | ChosePayments,73,Stripe revolutionized digital commerce with its developer-first API and unified financial infrastructure. Learn how to optimize your business for Stripe's platform.,164,Stripe: The Engine That Built the Modern Internet Economy,1,https://chosepayments.com/insights/stripe-payment-platform,910
https://chosepayments.com/insights/checkout-com-enterprise-platform,200,Checkout.com: The High-Performance Platform Built for Global Ambition | ChosePayments,85,Discover why Checkout.com's modular architecture delivers superior authorization rates and granular control for high-growth global merchants.,141,Checkout.com: The High Performance Platform Built for Global Ambition,1,https://chosepayments.com/insights/checkout-com-enterprise-platform,938
https://chosepayments.com/insights/shift4-payments-platform,200,"Shift4 Payments Explained: What 200,000+ Merchants Already Know | ChosePayments",79,"Shift4 powers 200,000+ hospitality, restaurant and retail merchants. See what makes it different from standard processors.",122,Shift4 Payments: The Global Payments Giant Most Businesses Have Never Heard Of,1,https://chosepayments.com/insights/shift4-payments-platform,1022
https://chosepayments.com/insights/shift4-vs-stripe-enterprise,200,Shift4 vs Stripe for Enterprise: Which Is Right for Your Business? | ChosePayments,82,"Shift4 and Stripe both serve enterprise merchants, but in very different ways. Compare their strengths, pricing, and risk appetites.",132,Shift4 vs Stripe: Choosing the Right Payment Engine for Your Enterprise,1,https://chosepayments.com/insights/shift4-vs-stripe-enterprise,1368
https://chosepayments.com/insights/enterprise-provider-comparison,200,Adyen vs Shift4 vs Checkout.com: Enterprise Pricing Compared 2026 | ChosePayments,81,"Adyen, Shift4 or Checkout.com? Compare enterprise pricing, global acquiring and risk appetite side by side for 2026.",116,,0,https://chosepayments.com/insights/enterprise-provider-comparison,2553
https://chosepayments.com/insights/fiserv-payments-platform,200,"Fiserv Payments Platform 2026: Clover, Carat & Who It Fits | ChosePayments",74,"Fiserv is one of the world's largest payment processors. See how Clover and Carat work, and when Fiserv actually makes sense for your business.",143,Fiserv - the First Data Payment Gateway: What Merchants Need to Know,1,https://chosepayments.com/insights/fiserv-payments-platform,1520
https://chosepayments.com/insights/adyen-vs-first-data,200,Adyen vs First Data (Fiserv): Enterprise Payment Platform Comparison | ChosePayments,84,"Adyen and First Data (now Fiserv) both serve large merchants. Compare their global acquiring, pricing models, and risk approach.",128,Adyen vs First Data: Which Enterprise Processor Wins?,1,https://chosepayments.com/insights/adyen-vs-first-data,1277
https://chosepayments.com/insights/referral-commission-guide,200,Payment Provider Referral & Commission Guide | ChosePayments,60,How referral arrangements work in the payment industry. Understanding commission structures helps you evaluate whether your advisor is truly independent.,153,How Businesses Earn Recurring Commission by Referring Payment Providers,1,https://chosepayments.com/insights/referral-commission-guide,820
https://chosepayments.com/insights/paypal-payment-platform,200,PayPal for Business: Platform Overview & When It Fits | ChosePayments,69,PayPal remains one of the world's most recognised payment brands. Learn when it's the right choice and when its limitations will cost you.,138,PayPal: From Online Payments Pioneer to Global Consumer Network,1,https://chosepayments.com/insights/paypal-payment-platform,1296
https://chosepayments.com/insights/stripe-fees-explained,200,Stripe Fees & Pricing UK 2026: 1.5% + 20p Explained | ChosePayments,67,"Stripe fees start at 1.5% + 20p, but Connect, chargebacks, FX and add-ons push the real cost higher. See the full 2026 breakdown and what you'll actually pay.",158,Stripe Fees Explained: Real Costs for UK Businesses in 2026,1,https://chosepayments.com/insights/stripe-fees-explained,2905
https://chosepayments.com/insights/checkout-com-fees-explained,200,Checkout.com Fees and Pricing (2026): What Businesses Actually Pay | ChosePayments,82,"Checkout.com does not publish standard pricing. This guide covers what businesses actually pay in 2026, with indicative rates from 0.2% to 1.8%, payment gateway pricing, EEA billing codes, oversized charges, and UK post-Brexit costs explained.",243,Checkout.com Pricing and Fees Explained: What Businesses Actually Pay in 2026,1,https://chosepayments.com/insights/checkout-com-fees-explained,2821
https://chosepayments.com/insights/fiserv-clover-pricing-explained,200,"Clover POS Pricing 2026: Hardware From $49, Fees Explained | ChosePayments",74,"Clover pricing starts at $49 for the Go reader. Full breakdown of hardware, monthly software fees and card processing rates for 2026.",133,Fiserv Clover Pricing Explained: What Merchants Pay in 2026,1,https://chosepayments.com/insights/fiserv-clover-pricing-explained,1926
https://chosepayments.com/insights/adyen-pricing-explained,200,Adyen Pricing Explained: Interchange++ Fees & Processing Costs | ChosePayments,78,Adyen charges Interchange++ plus a small processing fee. Learn what that means in practice and how Adyen's pricing compares at different volumes.,145,Adyen Pricing Explained: How Fees Really Work and When Adyen Is Worth It,1,https://chosepayments.com/insights/adyen-pricing-explained,1236
https://chosepayments.com/insights/paypal-fees-explained,200,PayPal Fees UK (2026): Complete Breakdown for Businesses and Consumers | ChosePayments,86,"Full breakdown of PayPal fees for UK users in 2026. Covers goods and services fees, business transaction rates, instant transfer costs, currency conversion, and when PayPal starts costing more than you expect.",209,PayPal Fees Explained: The Complete UK Guide for 2026,1,https://chosepayments.com/insights/paypal-fees-explained,2484
https://chosepayments.com/insights/payment-scheme-rules-explained,200,Payment Scheme Rules Explained: Visa & Mastercard | ChosePayments,65,Visa and Mastercard scheme rules govern how all card payments work. Understanding these rules explains why providers behave the way they do.,140,What Are Payment Scheme Rules and Why They Matter More Than Your Contract,1,https://chosepayments.com/insights/payment-scheme-rules-explained,986
https://chosepayments.com/insights/scheme-rules-reserves-monitoring,200,Scheme Rules: Reserves & Monitoring | ChosePayments,51,Card scheme monitoring programmes can trigger rolling reserves. Learn how Visa and Mastercard monitor merchants and what to do if you're flagged.,145,"How Scheme Rules Trigger Reserves, Monitoring Programs and Account Reviews",1,https://chosepayments.com/insights/scheme-rules-reserves-monitoring,913
https://chosepayments.com/insights/scheme-rules-by-payment-method,200,Scheme Rules by Payment Method | ChosePayments,46,"Different payment methods have different scheme rules. Understand how rules vary for debit, credit, corporate cards, and wallet payments.",137,"When Scheme Rules Apply Differently: Cards, Wallets, Marketplaces and BNPL Explained",1,https://chosepayments.com/insights/scheme-rules-by-payment-method,758
https://chosepayments.com/insights/why-providers-impose-reserves,200,Why Payment Providers Impose Rolling Reserves | ChosePayments,61,"Rolling reserves hold back a percentage of your revenue. Learn why providers impose them, how long they last, and how to negotiate their removal.",145,Why Payment Providers Impose Reserves and How to Negotiate Them,1,https://chosepayments.com/insights/why-providers-impose-reserves,473
https://chosepayments.com/insights/rolling-vs-fixed-reserve,200,Rolling vs Fixed Reserve: What's the Difference? | ChosePayments,64,"Payment providers use both rolling and fixed reserves. Learn how each type works, which is better for your cash flow, and how to negotiate.",139,Rolling Reserve vs Fixed Reserve: What Merchants Need to Know,1,https://chosepayments.com/insights/rolling-vs-fixed-reserve,464
https://chosepayments.com/insights/payout-settlement-explained,200,Payout & Settlement Explained: When Do You Get Paid? | ChosePayments,68,Settlement timing affects your cash flow. Learn how payment provider settlement cycles work and how to choose a provider with the right payout speed.,149,Why Your Payout Doesn't Match Your Sales: Settlement Timing Explained,1,https://chosepayments.com/insights/payout-settlement-explained,486
https://chosepayments.com/insights/net-vs-gross-settlement,200,Net vs Gross Settlement: What It Means for Your Cash Flow | ChosePayments,73,Net settlement deducts fees before paying you. Gross settlement pays the full amount then invoices separately. Learn which is better for your business.,151,Net vs Gross Settlement: How Payment Providers Calculate Your Payout,1,https://chosepayments.com/insights/net-vs-gross-settlement,425
https://chosepayments.com/insights/what-to-do-when-funds-held,200,What To Do When a Payment Provider Holds Your Funds | ChosePayments,67,"Funds held or frozen by your payment provider? Step-by-step guidance on how to respond, what to provide, and how to recover access quickly.",139,What to Do When Your Payment Provider Holds Your Funds,1,https://chosepayments.com/insights/what-to-do-when-funds-held,603
https://chosepayments.com/insights/chargeback-loss-recovery,200,Chargeback Loss Recovery: How to Fight & Win Disputes | ChosePayments,69,"Not all chargebacks are legitimate. Learn how to build evidence packs, submit representments, and recover revenue from fraudulent disputes.",139,You Lost a Chargeback: What Happens Next and How to Recover,1,https://chosepayments.com/insights/chargeback-loss-recovery,559
https://chosepayments.com/insights/marketplace-payments-guide,200,"Marketplace Payments Guide: Splits, Risk & Compliance | ChosePayments",69,"A complete guide to marketplace payments: how split payments, seller compliance, chargebacks, and risk reviews work, and how to avoid a frozen account.",151,"Marketplace Payments Guide: Splits, Risk & Compliance",1,https://chosepayments.com/insights/marketplace-payments-guide,1816
https://chosepayments.com/insights/marketplace-chicken-and-egg-problem,200,The Chicken and Egg Problem: How Marketplaces Solve It | ChosePayments,70,"The chicken and egg problem stalls most marketplaces before launch. Real examples, 8 proven strategies, and the payout mistake that kills early supply.",151,The Chicken and Egg Problem: How Marketplaces Actually Solve It,1,https://chosepayments.com/insights/marketplace-chicken-and-egg-problem,1909
https://chosepayments.com/insights/marketplace-take-rate,200,Marketplace Take Rate: What to Actually Charge in 2026 | ChosePayments,70,"Marketplace take rate benchmarks by industry, the real formula, and the payment processing cost most founders forget to subtract first.",135,Marketplace Take Rate: How Much Should You Actually Charge?,1,https://chosepayments.com/insights/marketplace-take-rate,1469
https://chosepayments.com/insights/marketplace-liquidity,200,What Is Marketplace Liquidity? A Founder's Guide | ChosePayments,64,"Marketplace liquidity explained with real formulas, benchmarks by stage, and the payout problem most guides never mention.",122,What Is Marketplace Liquidity? A Founder's Guide,1,https://chosepayments.com/insights/marketplace-liquidity,2929
https://chosepayments.com/insights/marketplace-split-payments,200,"Marketplace Split Payments: How They Work, What Breaks | ChosePayments",70,"How marketplace split payments actually work, the two models to choose between, and the five ways they quietly break trust with sellers.",136,Marketplace Split Payments: How They Work and What Actually Goes Wrong,1,https://chosepayments.com/insights/marketplace-split-payments,2511
https://chosepayments.com/insights/stripe-vs-adyen,200,Stripe vs Adyen: Fees and Features (2026) | ChosePayments,57,"Stripe charges a flat 2.9% + $0.30. Adyen uses interchange-plus with no published rate. Real pricing math, contract terms, and verified reviews.",144,Stripe vs Adyen: Fees and Features Comparison,1,https://chosepayments.com/insights/stripe-vs-adyen,2830
https://chosepayments.com/insights/comparisons/stripe-vs-checkout-com,200,Stripe vs Checkout.com: Fees and Features Comparison (2026) | ChosePayments,75,"Stripe publishes a flat 2.9% + $0.30 rate. Checkout.com quotes custom interchange-plus pricing. Real numbers, verified ratings, and an honest verdict.",150,Stripe vs Checkout.com: Fees and Features Comparison,1,https://chosepayments.com/insights/comparisons/stripe-vs-checkout-com,1887
https://chosepayments.com/insights/comparisons/stripe-vs-trustcommerce,200,Stripe vs TrustCommerce: Which Fits Your Healthcare Business (2026) | ChosePayments,83,Stripe is a general-purpose processor with flat pricing. TrustCommerce is a HIPAA-native healthcare payments platform. See which one actually fits.,147,Stripe vs TrustCommerce: Which Fits Your Healthcare Business,1,https://chosepayments.com/insights/comparisons/stripe-vs-trustcommerce,1755
https://chosepayments.com/insights/comparisons/stripe-vs-paypal,200,Stripe vs PayPal: Fees and Features Comparison 2026 | ChosePayments,67,"Stripe charges 2.9% + $0.30. PayPal charges 2.99% to 3.49% + $0.49. Real cost math, verified ratings, and an honest verdict for 2026.",133,Stripe vs PayPal: Fees and Features Comparison,1,https://chosepayments.com/insights/comparisons/stripe-vs-paypal,2045
https://chosepayments.com/insights/comparisons/adyen-vs-checkout-com,200,Adyen vs Checkout.com: Enterprise Payments Compared (2026) | ChosePayments,74,"Both use custom interchange-plus pricing and target enterprise merchants. Verified ratings and real architectural differences, not just marketing claims.",153,Adyen vs Checkout.com: US Enterprise Payments Compared,1,https://chosepayments.com/insights/comparisons/adyen-vs-checkout-com,1855
https://chosepayments.com/insights/comparisons/adyen-vs-trustcommerce,200,Adyen vs TrustCommerce: Enterprise vs Healthcare Payments (2026) | ChosePayments,80,Adyen is a global enterprise commerce platform. TrustCommerce is a HIPAA-native healthcare payments specialist. See which one actually applies to you.,150,Adyen vs TrustCommerce: Enterprise vs Healthcare Payments,1,https://chosepayments.com/insights/comparisons/adyen-vs-trustcommerce,1727
https://chosepayments.com/insights/comparisons/adyen-vs-paypal,200,Adyen vs PayPal: Fees and Features (2026) | ChosePayments,57,"Adyen vs PayPal compared: fees, enterprise fit, and whether PayPal works as a payment method on Adyen. Real numbers, verified ratings.",134,Adyen vs PayPal: Fees and Features Comparison,1,https://chosepayments.com/insights/comparisons/adyen-vs-paypal,1833
https://chosepayments.com/insights/comparisons/checkout-com-vs-paypal,200,Checkout.com vs PayPal: Enterprise Rates vs Consumer Trust (2026) | ChosePayments,81,Checkout.com quotes custom enterprise pricing. PayPal publishes a flat 2.99% to 3.49% + $0.49. Verified ratings and an honest fit-based verdict.,144,Checkout.com vs PayPal: Enterprise Rates vs Consumer Trust,1,https://chosepayments.com/insights/comparisons/checkout-com-vs-paypal,1793
https://chosepayments.com/insights/crisis,200,Crisis Intervention Guides | ChosePayments,42,"Urgent guides for merchants dealing with frozen accounts, hidden fees, or provider rejections. Practical steps to recover and find the right payment partner.",157,Crisis Intervention Guides,1,https://chosepayments.com/insights/crisis,145
https://chosepayments.com/insights/crisis/hidden-fee-crisis,200,Hidden Fee Crisis: When Your Provider Costs More Than You Thought | ChosePayments,81,Discovered hidden fees eating your margins? A practical guide to auditing your payment costs and switching without disruption.,126,The Hidden Fee Crisis: How Your 'Low Rate' Payment Processor is Quietly Costing You Thousands,1,https://chosepayments.com/insights/crisis/hidden-fee-crisis,865
https://chosepayments.com/insights/crisis/rejected-high-risk-strategy,200,Rejected as High Risk: Your Strategy Guide | ChosePayments,58,Been rejected as high risk? This guide covers your options: which providers accept high-risk merchants and how to position your application.,140,Rejected by Stripe or Square? Why Your 'High-Risk' Business Needs a Risk-Aligned Payment Strategy,1,https://chosepayments.com/insights/crisis/rejected-high-risk-strategy,775
https://chosepayments.com/insights/crisis/stripe-account-frozen,200,Stripe Account Frozen? 5 Hidden Reasons Why (2026 Guide) | ChosePayments,72,"Stripe froze your funds without warning? Here are the 5 hidden triggers, what to send them today, and how to stop it happening again.",133,Stripe Account Frozen? The 5 Hidden Reasons Why (And How to Prevent the Next Freeze),1,https://chosepayments.com/insights/crisis/stripe-account-frozen,2468
https://chosepayments.com/insights/pricing-models,200,Payment Pricing Models Explained | ChosePayments,48,"Understand the difference between Interchange++, blended pricing, and other payment processing fee structures. Learn which pricing model saves you the most.",156,Payment Pricing Models,1,https://chosepayments.com/insights/pricing-models,111
https://chosepayments.com/insights/pricing-models/interchange-plus-plus,200,Interchange++ Pricing Explained: The Transparent Fee Model | ChosePayments,74,Interchange++ passes through exact card scheme costs plus a fixed markup. Learn how to read an Interchange++ statement and whether it's right for you.,150,"Interchange++ Pricing: The ""Secret"" to Lower Fees (And Why Most Businesses Never Qualify)",1,https://chosepayments.com/insights/pricing-models/interchange-plus-plus,3051
https://chosepayments.com/insights/pricing-models/blended-vs-interchange,200,Blended vs Interchange Pricing: Which Is Better for Your Business? | ChosePayments,82,Blended rates are simple but often more expensive. Interchange++ is complex but fairer at scale. Learn which model suits your transaction mix.,142,Blended vs Interchange++: The Expert's Guide to Choosing Your Pricing Strategy,1,https://chosepayments.com/insights/pricing-models/blended-vs-interchange,950
https://chosepayments.com/insights/ecommerce/high-risk-to-high-growth,200,From High-Risk to High-Growth: Payment Strategy for Scaling Ecommerce | ChosePayments,85,High-risk labels don't have to hold you back. Learn how to reposition your ecommerce business and access better payment infrastructure as you scale.,148,From High-Risk to High-Growth: A Strategic Guide to eCommerce Payment Processing,1,https://chosepayments.com/insights/ecommerce/high-risk-to-high-growth,1303
https://chosepayments.com/insights/ecommerce/subscription-revenue-recurring-billing,200,Subscription Revenue & Recurring Billing: Payment Infrastructure Guide | ChosePayments,86,"Subscription businesses need specialised payment infrastructure. Learn which providers handle recurring billing, failed payment recovery, and dunning management.",161,Maximizing Subscription Revenue: Payment Success Rates and Risk Management for Recurring Billing,1,https://chosepayments.com/insights/ecommerce/subscription-revenue-recurring-billing,1158
https://chosepayments.com/insights/ecommerce/chargeback-thresholds-high-risk-processors,200,Chargeback Thresholds & High-Risk Processors: What to Know | ChosePayments,74,"Visa and Mastercard set chargeback thresholds that trigger monitoring programmes. Learn the limits, consequences, and which processors work above standard thresholds.",166,Beyond the 1%: Navigating Chargeback Thresholds With High Risk Payment Processors,1,https://chosepayments.com/insights/ecommerce/chargeback-thresholds-high-risk-processors,1330
https://chosepayments.com/about,200,Independent Payment Advisory | Why ChosePayments is Different,61,"We're not a comparison site. ChosePayments provides expert risk assessment and strategic guidance, helping businesses avoid payment provider mismatch before it costs them.",171,ChosePayments: The Missing Layer in Payment Risk,1,https://chosepayments.com/about,561
https://chosepayments.com/faq,200,Frequently Asked Questions | ChosePayments,42,"Answers to common questions about how ChosePayments works, how we make money, payment provider matching, and merchant risk assessment.",134,Frequently Asked Questions,1,https://chosepayments.com/faq,143
https://chosepayments.com/contact,200,Contact Us | ChosePayments,26,Get in touch with ChosePayments for help choosing a payment provider or any questions.,86,Get in Touch,1,https://chosepayments.com/contact,52
https://chosepayments.com/privacy,200,Privacy Policy | ChosePayments,30,"Learn how ChosePayments collects, uses, and protects your personal information when using our payment provider recommendation service.",134,Privacy Policy,1,https://chosepayments.com/privacy,1030
https://chosepayments.com/terms,200,Terms of Service | ChosePayments,32,Terms of Service for ChosePayments. Read our terms and conditions for using our payment provider advisory services.,115,Terms of Service,1,https://chosepayments.com/terms,567
