url,title,title_chars,title_check,meta_description,meta_chars,meta_check,h1_count,og_title_equals_title,og_image
https://chosepayments.com/,"Payment Processor Matching for US, UK & EU Merchants | ChosePayments",68,out,Find the right payment processor for your business. Avoid frozen accounts and rejections. Get matched with a provider that fits your risk profile in 2 minutes.,159,ok,1,no,og-default.png
https://chosepayments.com/assessment,Free Payment Provider Assessment | ChosePayments,48,out,Answer a few questions about your business and get a personalised payment provider recommendation in under 2 minutes.,117,out,1,yes,og-default.png
https://chosepayments.com/statement-review,See If You're Overpaying — Free Statement Review | ChosePayments,64,ok-with-brand,Upload your payment processing statement and get an indicative read on your all-in effective rate and whether you may be overpaying. Free and confidential.,155,ok,1,yes,og-default.png
https://chosepayments.com/best-payment-processor-uk,Best Payment Processors for UK Merchants: Find Your Fit | ChosePayments,71,out,"Best UK payment processors for ecommerce, SaaS, and marketplaces. Compare Stripe, Adyen, Checkout.com. See which processor approves your business type.",151,ok,1,no,og-default.png
https://chosepayments.com/stripe-vs-square-vs-paypal-uk,Stripe vs Square vs PayPal: UK Comparison & Costs | ChosePayments,65,ok-with-brand,"Pricing, fees, approval odds, and which processor fits high-growth merchants. Avoid the wrong choice.",101,out,1,no,og-default.png
https://chosepayments.com/best-payment-api-uk,Best Payment APIs for UK Developers & High-Growth Apps | ChosePayments,70,out,"Compare payment APIs for UK developers: Stripe, Adyen, Checkout.com. Pricing, integration speed, approval rates. Find the API that fits your tech stack.",152,ok,1,no,og-default.png
https://chosepayments.com/best-payment-provider-small-business,Small Business Payment Risk: Finding a Provider That Won't Freeze You | ChosePayments,85,out,Most small businesses choose a payment provider too quickly — and regret it. Understand your risk profile and find a provider that actually fits your business.,159,ok,1,no,og-default.png
https://chosepayments.com/best-payment-processors-high-chargebacks,Best Payment Processors for High Chargeback Businesses | ChosePayments,70,out,High chargeback rates don't have to mean rejection. Find payment processors that work with your chargeback ratio and won't freeze your funds.,141,out,1,yes,og-default.png
https://chosepayments.com/payment-processors-high-risk-ecommerce,Payment Processors for High-Risk Ecommerce | ChosePayments,58,ok,"High-risk ecommerce needs a specialist processor. Compare providers that accept your industry, offer chargeback protection, and won't freeze your account.",154,ok,1,yes,og-default.png
https://chosepayments.com/payment-provider-subscription-business,Best Payment Providers for Subscription & SaaS Businesses | ChosePayments,73,out,"Recurring billing needs the right payment infrastructure. Find providers that support subscriptions, handle failed payments, and scale with your MRR.",149,out,1,yes,og-default.png
https://chosepayments.com/mcc-5812-payment-gateway-uk,MCC 5812 Payment Gateway UK: Best Options for Restaurants | ChosePayments,73,out,Restaurant and food service businesses need payment gateways that understand MCC 5812. Compare UK options that approve your business type.,138,out,1,yes,og-default.png
https://chosepayments.com/best-acquirers-food-delivery,Best Acquirers for Food Delivery Platforms | ChosePayments,58,ok,"Food delivery platforms face unique payment challenges. Find acquirers that support high volume, split payments, and marketplace structures.",140,out,1,yes,og-default.png
https://chosepayments.com/switch-payment-provider,Switching Payment Providers — What to Check First | ChosePayments,65,ok-with-brand,"Stuck with the wrong provider? Learn how to leave without exit fees, fund holds, or unnecessary disruption.",107,out,1,no,og-default.png
https://chosepayments.com/stripe-alternatives-marketplace,Stripe Alternatives for Marketplaces: Risk Assessment & Provider Fit | ChosePayments,84,out,"Stripe Connect isn't always the right fit. Understand which marketplace payment providers match your risk profile, onboarding needs, and operational reality.",157,ok,1,no,og-default.png
https://chosepayments.com/payment-provider-support,Payment Provider Support Issues? Why It Matters More Than Fees | ChosePayments,78,out,Low fees mean nothing when your account is frozen and no one responds. Learn why support quality should be a top priority when choosing a payment provider.,155,ok,1,no,og-default.png
https://chosepayments.com/marketplace-payment-provider,Marketplace Payment Risk Assessment: Why Platforms Get Extra Scrutiny | ChosePayments,85,out,Building a marketplace? Understand why payment providers scrutinise platforms differently — and which providers actually fit your compliance and payout needs.,158,ok,1,no,og-default.png
https://chosepayments.com/merchant-account-problems,Merchant Account Problems Explained | ChosePayments,51,ok,"Funds withheld, reserves imposed, fees higher than expected. Understand what your payment provider is doing and why, clearly explained.",135,out,1,yes,og-default.png
https://chosepayments.com/risk-profile-matching,Risk-Profile Matching: Never Choose the Wrong Payment Processor | ChosePayments,79,out,"Our engine matches payment providers to your business risk profile. Stop choosing processors based on marketing. Find the one that actually fits your industry, volume, and model.",178,out,1,yes,og-default.png
https://chosepayments.com/risk-alignment-payment-processor,Risk Alignment with Payment Processors: Why It Matters More Than Price | ChosePayments,86,out,"Why picking a payment processor on rate alone leads to frozen funds and rolling reserves, and what risk alignment actually means for your business.",147,out,1,yes,og-default.png
https://chosepayments.com/ach-payment-processors,ACH Payment Processors: When Bank Transfer Beats Cards (2026) | ChosePayments,77,out,"ACH costs cents, cards cost percent. Here is when ACH payment processing makes sense for B2B, SaaS, and marketplace payouts, and which processors do it well.",157,ok,1,yes,og-default.png
https://chosepayments.com/payment-gateway-vs-payment-processor,Payment Gateway vs Payment Processor: The Actual Difference (2026) | ChosePayments,82,out,A payment gateway captures and encrypts card data. A payment processor authorizes the transaction and moves the money. Here is what that split actually means when you're building a checkout.,190,out,1,yes,og-default.png
https://chosepayments.com/insights/buy-now-pay-later-uk,Buy Now Pay Later for UK Merchants: The Practical Guide | ChosePayments,71,out,"BNPL can lift conversion rates by 20–30% and increase average order value significantly. How UK merchants should evaluate Klarna, Clearpay, and other providers, and what it means for your payment stack.",202,out,1,yes,og-default.png
https://chosepayments.com/insights/explainer,Payment Explainers: Terms & Mechanics Merchants Need to Know | ChosePayments,76,out,"Plain-English explainers on payment settlement, reserves, wallet payments, SCA exemptions, and the acronyms every merchant runs into, without the jargon.",153,ok,1,yes,og-default.png
https://chosepayments.com/insights/providers,"Payment Provider Deep Dives: Stripe, Adyen, Checkout.com & More | ChosePayments",79,out,"In-depth, independent reviews of the major payment platforms (Stripe, Adyen, Checkout.com, Shift4, Fiserv, and PayPal), covering architecture, risk appetite, and who each one actually fits.",189,out,1,yes,og-default.png
https://chosepayments.com/insights/fees,Payment Provider Fees & Costs Explained (2026) | ChosePayments,62,ok-with-brand,"Real 2026 fee breakdowns for Stripe, Checkout.com, Adyen, PayPal, and Fiserv Clover: what you actually pay beyond the headline rate, including add-ons most guides skip.",168,out,1,yes,og-default.png
https://chosepayments.com/insights/provider-fit,Provider Fit Guides: The Right Payment Processor for Your Business Model | ChosePayments,88,out,"Matching guides for subscription billing, high-risk ecommerce, high chargeback rates, restaurants, and food delivery. Find providers built for your specific business model.",172,out,1,yes,og-default.png
https://chosepayments.com/insights/compliance,"Payment Compliance: Scheme Rules, Reserves & Monitoring | ChosePayments",71,out,"How Visa and Mastercard scheme rules, reserve requirements, and monitoring programmes actually work, and what triggers them for merchants.",138,out,1,yes,og-default.png
https://chosepayments.com/insights/ecommerce,"Ecommerce Payment Strategy: Growth, Recurring Billing & Chargebacks | ChosePayments",83,out,"Payment strategy guides for scaling ecommerce businesses, moving past a high-risk label, structuring recurring billing, and managing chargeback thresholds.",155,ok,1,yes,og-default.png
https://chosepayments.com/insights,Expert Insights: What Payment Providers Don't Tell You | ChosePayments,70,out,"Insider knowledge on payment provider risk, underwriting criteria, account freezes, and why businesses get rejected. Strategic guidance from industry experts.",158,ok,1,yes,og-default.png
https://chosepayments.com/insights/scoring-logic,How We Match You to a Provider | Scoring Logic Explained | ChosePayments,72,out,"See exactly how our recommendation engine eliminates, scores, and ranks 21 payment providers. No black boxes, full transparency.",128,out,1,no,og-default.png
https://chosepayments.com/insights/graph,Provider Insights Graph | ChosePayments,39,out,"Visual graph of payment provider relationships, risk profiles, and market positioning.",86,out,1,yes,og-default.png
https://chosepayments.com/insights/payment-risk,Payment Risk & Account Freezes | ChosePayments Insights,55,ok,"Understand why payment accounts get flagged, frozen, or reviewed. Learn about account freezes, re-underwriting, and how to reduce payment risk.",143,out,1,yes,og-default.png
https://chosepayments.com/insights/guides,Practical Guides | ChosePayments Insights,41,out,"Step-by-step guides on payment provider verification, documentation requirements, and how to respond to compliance requests.",124,out,1,yes,og-default.png
https://chosepayments.com/insights/case-studies,Case Studies | ChosePayments Insights,37,out,"Real-world examples of how businesses navigate payment provider challenges, account reviews, and compliance requirements.",121,out,1,yes,og-default.png
https://chosepayments.com/insights/proof-of-business-activity,Understanding Proof of Business Activity Requests | ChosePayments,65,ok-with-brand,Understanding why payment providers ask for proof of business activity and how to prepare your documentation.,109,out,1,yes,og-default.png
https://chosepayments.com/insights/sales-increase,Sales Increase Documentation: What Payment Providers Need | ChosePayments,73,out,"When your sales spike, providers want proof it's legitimate. Learn exactly what documentation satisfies their review teams.",123,out,1,yes,og-default.png
https://chosepayments.com/insights/marketplace-seller-info,Marketplace Seller Verification: What Providers Require | ChosePayments,71,out,Marketplaces face KYB/KYC checks payment providers rarely explain clearly. See exactly what seller documents are required and how to avoid payout delays.,153,ok,1,yes,og-default.png
https://chosepayments.com/insights/source-of-funds,Source of Funds Requests: What They Mean and How to Respond | ChosePayments,75,out,"Wondering why your bank is asking for source of funds? Learn why payment providers request bank statements and source of funds documentation, and how to respond.",161,out,1,no,og-default.png
https://chosepayments.com/insights/industry-verification,Industry Verification: What Payment Providers Check | ChosePayments,67,out,Payment providers verify your industry before approving your account. Learn what they check and how to present your business correctly.,135,out,1,yes,og-default.png
https://chosepayments.com/insights/international-sales,International Sales Documentation for Payment Providers | ChosePayments,71,out,Selling internationally? Payment providers need specific documentation. Learn what's required and how to evidence your cross-border transactions.,145,out,1,yes,og-default.png
https://chosepayments.com/insights/contracts-invoices,Contracts & Invoices: What Payment Providers Want to See | ChosePayments,72,out,Payment providers often request contracts and invoices to verify your business model. Learn what format they expect and how to respond.,135,out,1,yes,og-default.png
https://chosepayments.com/insights/why-stripe-freezes-accounts-uk,Why Stripe Freezes Accounts: The Real Reasons | ChosePayments,61,ok-with-brand,"Stripe account frozen? Learn the real reasons Stripe freezes merchant accounts, what triggers a review, and how to avoid or recover from it.",140,out,1,yes,og-default.png
https://chosepayments.com/insights/why-accounts-get-flagged-after-growth,Why Payment Accounts Get Flagged After a Business Grows | ChosePayments,71,out,"Sales growth can trigger holds, reserves, and reviews with Stripe, Square, and PayPal. See the volume and chargeback thresholds they watch, and how to prepare.",159,ok,1,yes,og-default.png
https://chosepayments.com/insights/why-payment-accounts-get-frozen-without-warning,Why Payment Accounts Get Frozen Without Warning | ChosePayments,63,ok-with-brand,Account freezes rarely come with advance notice. Understand the hidden triggers that cause sudden payment account freezes and what you can do about them.,153,ok,1,yes,og-default.png
https://chosepayments.com/insights/why-providers-re-underwrite-accounts,Why Payment Providers Re-Underwrite Existing Accounts | ChosePayments,69,out,Re-underwriting can happen months after approval. Learn what triggers a provider to review your account again and how to prepare.,129,out,1,yes,og-default.png
https://chosepayments.com/insights/why-some-businesses-never-get-approved,Why Some Businesses Never Get Payment Provider Approval | ChosePayments,71,out,Some businesses are structurally incompatible with mainstream providers. Learn whether your business model is causing systematic rejections.,140,out,1,yes,og-default.png
https://chosepayments.com/insights/why-payment-providers-ask-for-director-documents,Why Payment Providers Ask for Director Documents | ChosePayments,64,ok-with-brand,"Director document requests are standard, but timing matters. Learn why providers ask and what to prepare to avoid delays.",121,out,1,yes,og-default.png
https://chosepayments.com/insights/why-payment-providers-ask-for-source-of-funds,Why Payment Providers Ask for Source of Funds | ChosePayments,61,ok-with-brand,Source of funds requests signal a compliance review. Learn what triggers them and exactly what documentation satisfies payment provider compliance teams.,153,ok,1,yes,og-default.png
https://chosepayments.com/insights/visa-mastercard-control-card-payments,How Visa & Mastercard Control Card Payments | ChosePayments,59,ok,Visa and Mastercard set the rules that all payment providers follow. Understanding scheme rules explains why providers behave the way they do.,142,out,1,yes,og-default.png
https://chosepayments.com/insights/what-is-an-acquirer,What Is an Acquirer? Payment Acquiring Explained | ChosePayments,64,ok-with-brand,"Acquirers are the banks behind your payment processor. Understanding the acquirer relationship explains fees, risk, and why some businesses get rejected.",153,ok,1,yes,og-default.png
https://chosepayments.com/insights/merchant-acquirer-vs-payment-processor,Merchant Acquirer vs Payment Processor: What's the Difference? | ChosePayments,78,out,"A merchant acquirer holds your merchant account and takes the financial risk. A payment processor routes the transaction. Here is exactly how they differ, and why it matters when your account gets frozen.",204,out,1,yes,og-default.png
https://chosepayments.com/insights/hidden-payment-processor-fees,Hidden Payment Processor Fees to Watch For (2026) | ChosePayments,65,ok-with-brand,"PCI fees, batch fees, early termination charges. Here is every fee processors bury in contracts, what they cost, and how to negotiate them out.",143,out,1,yes,og-default.png
https://chosepayments.com/insights/how-to-choose-a-payment-processor,How to Choose a Payment Processor: The Business Owner's Guide (2026) | ChosePayments,84,out,"A practical framework for choosing a payment processor: pricing models, hidden fees, risk alignment, integration fit, and the real cost of switching later.",155,ok,1,yes,og-default.png
https://chosepayments.com/insights/payment-processor-business-vertical-classification,How Payment Processors Classify Your Business Vertical (and Why It Matters) | ChosePayments,91,out,"Payment processors assign a four-digit MCC code to every merchant that determines your interchange rate, whether you can get approved, and how much risk scrutiny your account receives. Here is how the classification works.",222,out,1,yes,og-default.png
https://chosepayments.com/insights/third-party-payment-processors,Third-Party Payment Processors Explained (2026 Guide) | ChosePayments,69,out,"A third-party payment processor lets you accept cards without your own merchant account. Here is how they work, what they cost, and when to move on from one.",157,ok,1,yes,og-default.png
https://chosepayments.com/insights/best-payment-processor-ecommerce,Best Payment Processor for E-Commerce in 2026: By Business Type | ChosePayments,79,out,"There is no single best payment processor for e-commerce. Subscription, high-ticket, international, and high-volume stores each need a different answer. Here is how to pick correctly.",183,out,1,yes,og-default.png
https://chosepayments.com/insights/digital-product-chargebacks-refunds-payment-processor,"Digital Product Chargebacks 2026: The 1.8% Problem, Explained | ChosePayments",77,out,"Digital goods have a 1.8% chargeback rate, triple physical goods. See what happens when disputes hit and how to prevent the fines.",130,out,1,yes,og-default.png
https://chosepayments.com/insights/mastercard-3ds-authentication-fee-changes-europe,Mastercard's 2026 3DS Authentication Fee Changes in Europe: What Merchants Should Know | ChosePayments,102,out,"Mastercard restructured its EMV 3DS Authentication Fee across Europe from 29 July 2026, splitting rates by recurring vs one-off transactions and by approved vs declined outcomes. Here's what changed and how SCA exemptions reduce your exposure.",243,out,1,no,og-default.png
https://chosepayments.com/insights/what-is-a-payment-processor,What Is a Payment Processor? How It Works and Why It Matters (2026) | ChosePayments,83,out,"A payment processor moves the transaction data between a merchant, the card networks, and the issuing bank. Here is exactly how that works, who the major players are, and why the choice matters more than the rate on the page.",225,out,1,yes,og-default.png
https://chosepayments.com/insights/why-card-approval-speed-affects-checkout-abandonment,Why Card Approval Speed Affects Checkout Abandonment | ChosePayments,68,out,Slow authorisation kills conversions. Learn how approval speed varies between providers and what it means for your checkout abandonment rate.,141,out,1,yes,og-default.png
https://chosepayments.com/insights/same-day-settlement-and-instant-payouts,Same-Day Settlement & Instant Payouts: Which Providers Offer It | ChosePayments,79,out,Cash flow depends on settlement speed. Compare which payment providers offer same-day settlement and instant payouts for UK merchants.,134,out,1,yes,og-default.png
https://chosepayments.com/insights/what-to-do-when-provider-asks-for-documents,What To Do When a Payment Provider Asks for More Documents | ChosePayments,74,out,"Learn why payment providers request additional documents, what these requests mean, and how to respond confidently. Includes a document checklist.",146,out,1,yes,og-default.png
https://chosepayments.com/insights/tra-exemption-reduces-payment-friction,TRA Exemption: Reduce Friction & Improve Approval Rates | ChosePayments,71,out,TRA exemption explained: how it reduces checkout friction and improves approval odds. See if your business qualifies and how to use it to lower fraud.,150,ok,1,no,og-default.png
https://chosepayments.com/insights/chargebacks-what-they-are-and-how-to-avoid-them,Chargebacks: Why They Happen and How to Avoid Them | ChosePayments,66,out,"Too many chargebacks can freeze your payment account. See what actually triggers a dispute, what it costs, and how to reduce them before providers notice.",154,ok,1,yes,chargebacks-guide-cover.jpg
https://chosepayments.com/insights/credit-card-payments-explained,Credit Card Payments Explained: How They Work Behind the Scenes | ChosePayments,79,out,"What actually happens when a customer pays by credit card? The full journey from tap to settlement, and what it means for your merchant fees.",141,out,1,yes,og-default.png
https://chosepayments.com/insights/open-banking-payments-uk,Open Banking Payments UK: What Merchants Need to Know | ChosePayments,69,out,Open banking is changing how UK merchants get paid. Learn how account-to-account payments work and when they make sense for your business.,138,out,1,yes,og-default.png
https://chosepayments.com/insights/apple-pay-google-pay-explained,Apple Pay & Google Pay Explained for Merchants | ChosePayments,62,ok-with-brand,"Digital wallets are now expected by customers. Learn how Apple Pay and Google Pay work for merchants, their costs, and which providers support them.",148,out,1,yes,og-default.png
https://chosepayments.com/insights/low-value-transaction-exemption,Low Value Transaction Exemption: Reduce SCA Friction | ChosePayments,68,out,"The low value exemption lets you skip SCA for small transactions. Learn how it works, the thresholds, and how to configure it with your payment provider.",153,ok,1,yes,og-default.png
https://chosepayments.com/insights/payment-provider-risk-models,How Payment Providers Assess Business Risk | ChosePayments,58,ok,Every payment provider has a risk model they use to approve or reject merchants. Understanding their criteria helps you apply to the right provider first time.,159,ok,1,yes,og-default.png
https://chosepayments.com/insights/wallet-payments-guaranteed-success,Why Wallet Payments Have Higher Success Rates | ChosePayments,61,ok-with-brand,Apple Pay and Google Pay consistently outperform card payments on approval rates. Learn why wallets succeed where cards fail.,125,out,1,yes,og-default.png
https://chosepayments.com/insights/why-payment-providers-reject-growing-businesses,Why Payment Providers Reject Growing Businesses | ChosePayments,63,ok-with-brand,Rapid growth can make providers nervous. Learn why fast-growing businesses face more scrutiny and how to document your growth to keep accounts open.,148,out,1,yes,og-default.png
https://chosepayments.com/insights/payment-acronyms-explained,"Payment Acronyms Explained: PSP, MCC, SCA, PCI and More | ChosePayments",71,out,"The payments industry runs on acronyms. Learn what PSP, acquirer, MCC, SCA, 3DS, PCI DSS, and 40+ other payment terms actually mean.",132,out,1,yes,og-default.png
https://chosepayments.com/insights/provider-appetite-index,Provider Appetite Index: Which Providers Accept Which Businesses | ChosePayments,80,out,A comprehensive index of payment provider risk appetites by industry. Find which providers will accept your business before you apply.,134,out,1,yes,og-default.png
https://chosepayments.com/insights/adyen-enterprise-payments-platform,Adyen for Enterprises: When It's Better Than Stripe | ChosePayments,67,out,"Adyen vs Stripe for enterprise. Unified platform, global reach, lower fees at scale. See if Adyen's infrastructure fits your business model and volume needs.",157,ok,1,no,og-default.png
https://chosepayments.com/insights/stripe-payment-platform,Stripe: The Engine That Built the Modern Internet Economy | ChosePayments,73,out,Stripe revolutionized digital commerce with its developer-first API and unified financial infrastructure. Learn how to optimize your business for Stripe's platform.,164,out,1,yes,og-default.png
https://chosepayments.com/insights/checkout-com-enterprise-platform,Checkout.com: The High-Performance Platform Built for Global Ambition | ChosePayments,85,out,Discover why Checkout.com's modular architecture delivers superior authorization rates and granular control for high-growth global merchants.,141,out,1,no,og-default.png
https://chosepayments.com/insights/shift4-payments-platform,"Shift4 Payments Explained: What 200,000+ Merchants Already Know | ChosePayments",79,out,"Shift4 powers 200,000+ hospitality, restaurant and retail merchants. See what makes it different from standard processors.",122,out,1,yes,og-default.png
https://chosepayments.com/insights/shift4-vs-stripe-enterprise,Shift4 vs Stripe for Enterprise: Which Is Right for Your Business? | ChosePayments,82,out,"Shift4 and Stripe both serve enterprise merchants, but in very different ways. Compare their strengths, pricing, and risk appetites.",132,out,1,yes,og-default.png
https://chosepayments.com/insights/enterprise-provider-comparison,Adyen vs Shift4 vs Checkout.com: Enterprise Pricing Compared 2026 | ChosePayments,81,out,"Adyen, Shift4 or Checkout.com? Compare enterprise pricing, global acquiring and risk appetite side by side for 2026.",116,out,0,yes,og-default.png
https://chosepayments.com/insights/fiserv-payments-platform,"Fiserv Payments Platform 2026: Clover, Carat & Who It Fits | ChosePayments",74,out,"Fiserv is one of the world's largest payment processors. See how Clover and Carat work, and when Fiserv actually makes sense for your business.",143,out,1,no,og-default.png
https://chosepayments.com/insights/adyen-vs-first-data,Adyen vs First Data (Fiserv): Enterprise Payment Platform Comparison | ChosePayments,84,out,"Adyen and First Data (now Fiserv) both serve large merchants. Compare their global acquiring, pricing models, and risk approach.",128,out,1,yes,og-default.png
https://chosepayments.com/insights/referral-commission-guide,Payment Provider Referral & Commission Guide | ChosePayments,60,ok,How referral arrangements work in the payment industry. Understanding commission structures helps you evaluate whether your advisor is truly independent.,153,ok,1,yes,og-default.png
https://chosepayments.com/insights/paypal-payment-platform,PayPal for Business: Platform Overview & When It Fits | ChosePayments,69,out,PayPal remains one of the world's most recognised payment brands. Learn when it's the right choice and when its limitations will cost you.,138,out,1,yes,og-default.png
https://chosepayments.com/insights/stripe-fees-explained,Stripe Fees & Pricing UK 2026: 1.5% + 20p Explained | ChosePayments,67,out,"Stripe fees start at 1.5% + 20p, but Connect, chargebacks, FX and add-ons push the real cost higher. See the full 2026 breakdown and what you'll actually pay.",158,ok,1,yes,og-default.png
https://chosepayments.com/insights/checkout-com-fees-explained,Checkout.com Fees and Pricing (2026): What Businesses Actually Pay | ChosePayments,82,out,"Checkout.com does not publish standard pricing. This guide covers what businesses actually pay in 2026, with indicative rates from 0.2% to 1.8%, payment gateway pricing, EEA billing codes, oversized charges, and UK post-Brexit costs explained.",243,out,1,yes,og-default.png
https://chosepayments.com/insights/fiserv-clover-pricing-explained,"Clover POS Pricing 2026: Hardware From $49, Fees Explained | ChosePayments",74,out,"Clover pricing starts at $49 for the Go reader. Full breakdown of hardware, monthly software fees and card processing rates for 2026.",133,out,1,yes,og-default.png
https://chosepayments.com/insights/adyen-pricing-explained,Adyen Pricing Explained: Interchange++ Fees & Processing Costs | ChosePayments,78,out,Adyen charges Interchange++ plus a small processing fee. Learn what that means in practice and how Adyen's pricing compares at different volumes.,145,out,1,yes,og-default.png
https://chosepayments.com/insights/paypal-fees-explained,PayPal Fees UK (2026): Complete Breakdown for Businesses and Consumers | ChosePayments,86,out,"Full breakdown of PayPal fees for UK users in 2026. Covers goods and services fees, business transaction rates, instant transfer costs, currency conversion, and when PayPal starts costing more than you expect.",209,out,1,yes,og-default.png
https://chosepayments.com/insights/payment-scheme-rules-explained,Payment Scheme Rules Explained: Visa & Mastercard | ChosePayments,65,ok-with-brand,Visa and Mastercard scheme rules govern how all card payments work. Understanding these rules explains why providers behave the way they do.,140,out,1,yes,og-default.png
https://chosepayments.com/insights/scheme-rules-reserves-monitoring,Scheme Rules: Reserves & Monitoring | ChosePayments,51,ok,Card scheme monitoring programmes can trigger rolling reserves. Learn how Visa and Mastercard monitor merchants and what to do if you're flagged.,145,out,1,yes,og-default.png
https://chosepayments.com/insights/scheme-rules-by-payment-method,Scheme Rules by Payment Method | ChosePayments,46,out,"Different payment methods have different scheme rules. Understand how rules vary for debit, credit, corporate cards, and wallet payments.",137,out,1,yes,og-default.png
https://chosepayments.com/insights/why-providers-impose-reserves,Why Payment Providers Impose Rolling Reserves | ChosePayments,61,ok-with-brand,"Rolling reserves hold back a percentage of your revenue. Learn why providers impose them, how long they last, and how to negotiate their removal.",145,out,1,yes,og-default.png
https://chosepayments.com/insights/rolling-vs-fixed-reserve,Rolling vs Fixed Reserve: What's the Difference? | ChosePayments,64,ok-with-brand,"Payment providers use both rolling and fixed reserves. Learn how each type works, which is better for your cash flow, and how to negotiate.",139,out,1,yes,og-default.png
https://chosepayments.com/insights/payout-settlement-explained,Payout & Settlement Explained: When Do You Get Paid? | ChosePayments,68,out,Settlement timing affects your cash flow. Learn how payment provider settlement cycles work and how to choose a provider with the right payout speed.,149,out,1,yes,og-default.png
https://chosepayments.com/insights/net-vs-gross-settlement,Net vs Gross Settlement: What It Means for Your Cash Flow | ChosePayments,73,out,Net settlement deducts fees before paying you. Gross settlement pays the full amount then invoices separately. Learn which is better for your business.,151,ok,1,yes,og-default.png
https://chosepayments.com/insights/what-to-do-when-funds-held,What To Do When a Payment Provider Holds Your Funds | ChosePayments,67,out,"Funds held or frozen by your payment provider? Step-by-step guidance on how to respond, what to provide, and how to recover access quickly.",139,out,1,yes,og-default.png
https://chosepayments.com/insights/chargeback-loss-recovery,Chargeback Loss Recovery: How to Fight & Win Disputes | ChosePayments,69,out,"Not all chargebacks are legitimate. Learn how to build evidence packs, submit representments, and recover revenue from fraudulent disputes.",139,out,1,yes,og-default.png
https://chosepayments.com/insights/marketplace-payments-guide,"Marketplace Payments Guide: Splits, Risk & Compliance | ChosePayments",69,out,"A complete guide to marketplace payments: how split payments, seller compliance, chargebacks, and risk reviews work, and how to avoid a frozen account.",151,ok,1,yes,marketplace-payments-guide-cover.png
https://chosepayments.com/insights/marketplace-chicken-and-egg-problem,The Chicken and Egg Problem: How Marketplaces Solve It | ChosePayments,70,out,"The chicken and egg problem stalls most marketplaces before launch. Real examples, 8 proven strategies, and the payout mistake that kills early supply.",151,ok,1,yes,og-default.png
https://chosepayments.com/insights/marketplace-take-rate,Marketplace Take Rate: What to Actually Charge in 2026 | ChosePayments,70,out,"Marketplace take rate benchmarks by industry, the real formula, and the payment processing cost most founders forget to subtract first.",135,out,1,yes,og-default.png
https://chosepayments.com/insights/marketplace-liquidity,What Is Marketplace Liquidity? A Founder's Guide | ChosePayments,64,ok-with-brand,"Marketplace liquidity explained with real formulas, benchmarks by stage, and the payout problem most guides never mention.",122,out,1,yes,og-default.png
https://chosepayments.com/insights/marketplace-split-payments,"Marketplace Split Payments: How They Work, What Breaks | ChosePayments",70,out,"How marketplace split payments actually work, the two models to choose between, and the five ways they quietly break trust with sellers.",136,out,1,yes,marketplace-split-payments-cover.png
https://chosepayments.com/insights/stripe-vs-adyen,Stripe vs Adyen: Fees and Features (2026) | ChosePayments,57,ok,"Stripe charges a flat 2.9% + $0.30. Adyen uses interchange-plus with no published rate. Real pricing math, contract terms, and verified reviews.",144,out,1,yes,stripe-vs-adyen-cover.png
https://chosepayments.com/insights/comparisons/stripe-vs-checkout-com,Stripe vs Checkout.com: Fees and Features Comparison (2026) | ChosePayments,75,out,"Stripe publishes a flat 2.9% + $0.30 rate. Checkout.com quotes custom interchange-plus pricing. Real numbers, verified ratings, and an honest verdict.",150,ok,1,yes,stripe-vs-checkout-com-cover.png
https://chosepayments.com/insights/comparisons/stripe-vs-trustcommerce,Stripe vs TrustCommerce: Which Fits Your Healthcare Business (2026) | ChosePayments,83,out,Stripe is a general-purpose processor with flat pricing. TrustCommerce is a HIPAA-native healthcare payments platform. See which one actually fits.,147,out,1,yes,stripe-vs-trustcommerce-cover.png
https://chosepayments.com/insights/comparisons/stripe-vs-paypal,Stripe vs PayPal: Fees and Features Comparison 2026 | ChosePayments,67,out,"Stripe charges 2.9% + $0.30. PayPal charges 2.99% to 3.49% + $0.49. Real cost math, verified ratings, and an honest verdict for 2026.",133,out,1,yes,stripe-vs-paypal-cover.png
https://chosepayments.com/insights/comparisons/adyen-vs-checkout-com,Adyen vs Checkout.com: Enterprise Payments Compared (2026) | ChosePayments,74,out,"Both use custom interchange-plus pricing and target enterprise merchants. Verified ratings and real architectural differences, not just marketing claims.",153,ok,1,yes,adyen-vs-checkout-com-cover.png
https://chosepayments.com/insights/comparisons/adyen-vs-trustcommerce,Adyen vs TrustCommerce: Enterprise vs Healthcare Payments (2026) | ChosePayments,80,out,Adyen is a global enterprise commerce platform. TrustCommerce is a HIPAA-native healthcare payments specialist. See which one actually applies to you.,150,ok,1,yes,adyen-vs-trustcommerce-cover.png
https://chosepayments.com/insights/comparisons/adyen-vs-paypal,Adyen vs PayPal: Fees and Features (2026) | ChosePayments,57,ok,"Adyen vs PayPal compared: fees, enterprise fit, and whether PayPal works as a payment method on Adyen. Real numbers, verified ratings.",134,out,1,yes,adyen-vs-paypal-cover.png
https://chosepayments.com/insights/comparisons/checkout-com-vs-paypal,Checkout.com vs PayPal: Enterprise Rates vs Consumer Trust (2026) | ChosePayments,81,out,Checkout.com quotes custom enterprise pricing. PayPal publishes a flat 2.99% to 3.49% + $0.49. Verified ratings and an honest fit-based verdict.,144,out,1,yes,checkout-com-vs-paypal-cover.png
https://chosepayments.com/insights/crisis,Crisis Intervention Guides | ChosePayments,42,out,"Urgent guides for merchants dealing with frozen accounts, hidden fees, or provider rejections. Practical steps to recover and find the right payment partner.",157,ok,1,yes,og-default.png
https://chosepayments.com/insights/crisis/hidden-fee-crisis,Hidden Fee Crisis: When Your Provider Costs More Than You Thought | ChosePayments,81,out,Discovered hidden fees eating your margins? A practical guide to auditing your payment costs and switching without disruption.,126,out,1,yes,og-default.png
https://chosepayments.com/insights/crisis/rejected-high-risk-strategy,Rejected as High Risk: Your Strategy Guide | ChosePayments,58,ok,Been rejected as high risk? This guide covers your options: which providers accept high-risk merchants and how to position your application.,140,out,1,yes,og-default.png
https://chosepayments.com/insights/crisis/stripe-account-frozen,Stripe Account Frozen? 5 Hidden Reasons Why (2026 Guide) | ChosePayments,72,out,"Stripe froze your funds without warning? Here are the 5 hidden triggers, what to send them today, and how to stop it happening again.",133,out,1,yes,og-default.png
https://chosepayments.com/insights/pricing-models,Payment Pricing Models Explained | ChosePayments,48,out,"Understand the difference between Interchange++, blended pricing, and other payment processing fee structures. Learn which pricing model saves you the most.",156,ok,1,yes,og-default.png
https://chosepayments.com/insights/pricing-models/interchange-plus-plus,Interchange++ Pricing Explained: The Transparent Fee Model | ChosePayments,74,out,Interchange++ passes through exact card scheme costs plus a fixed markup. Learn how to read an Interchange++ statement and whether it's right for you.,150,ok,1,yes,og-default.png
https://chosepayments.com/insights/pricing-models/blended-vs-interchange,Blended vs Interchange Pricing: Which Is Better for Your Business? | ChosePayments,82,out,Blended rates are simple but often more expensive. Interchange++ is complex but fairer at scale. Learn which model suits your transaction mix.,142,out,1,yes,og-default.png
https://chosepayments.com/insights/ecommerce/high-risk-to-high-growth,From High-Risk to High-Growth: Payment Strategy for Scaling Ecommerce | ChosePayments,85,out,High-risk labels don't have to hold you back. Learn how to reposition your ecommerce business and access better payment infrastructure as you scale.,148,out,1,yes,og-default.png
https://chosepayments.com/insights/ecommerce/subscription-revenue-recurring-billing,Subscription Revenue & Recurring Billing: Payment Infrastructure Guide | ChosePayments,86,out,"Subscription businesses need specialised payment infrastructure. Learn which providers handle recurring billing, failed payment recovery, and dunning management.",161,out,1,yes,og-default.png
https://chosepayments.com/insights/ecommerce/chargeback-thresholds-high-risk-processors,Chargeback Thresholds & High-Risk Processors: What to Know | ChosePayments,74,out,"Visa and Mastercard set chargeback thresholds that trigger monitoring programmes. Learn the limits, consequences, and which processors work above standard thresholds.",166,out,1,yes,og-default.png
https://chosepayments.com/about,Independent Payment Advisory | Why ChosePayments is Different,61,out,"We're not a comparison site. ChosePayments provides expert risk assessment and strategic guidance, helping businesses avoid payment provider mismatch before it costs them.",171,out,1,yes,og-default.png
https://chosepayments.com/faq,Frequently Asked Questions | ChosePayments,42,out,"Answers to common questions about how ChosePayments works, how we make money, payment provider matching, and merchant risk assessment.",134,out,1,yes,og-default.png
https://chosepayments.com/contact,Contact Us | ChosePayments,26,out,Get in touch with ChosePayments for help choosing a payment provider or any questions.,86,out,1,yes,og-default.png
https://chosepayments.com/privacy,Privacy Policy | ChosePayments,30,out,"Learn how ChosePayments collects, uses, and protects your personal information when using our payment provider recommendation service.",134,out,1,yes,og-default.png
https://chosepayments.com/terms,Terms of Service | ChosePayments,32,out,Terms of Service for ChosePayments. Read our terms and conditions for using our payment provider advisory services.,115,out,1,yes,og-default.png
